claim_id	claim	manuscript_location	evidence_type	source	verification_status
C01	Pre-registered rule returned ORDER_PENALTY_ADDED_UTILITY_NOT_SUPPORTED	abstract; sec:experiments Decision; conclusion	raw_result	runs/stage2_order_penalty_0119a34/stage_summary.json:decision.label (macro res@decision)	RAW_EXPORTED
C02	Candidate stationary gain vs no adaptation per seed (r0,r1,r2)	abstract; sec:experiments	raw_result	stage_summary.json:decision.evidence.stationary_gain_vs_no_adapt_per_seed (res@ev.gain.*)	RAW_EXPORTED
C03	Candidate SD reduction vs EM-toy per seed, negative in r2	sec:experiments Decision	raw_result	stage_summary.json:decision.evidence.stationary_std_reduction_vs_baseline_per_seed (res@ev.stdred.*)	RAW_EXPORTED
C04	Candidate and utility-only selected the same projector and lr and produced identical trajectories in 6/9 condition-seed pairs (r0,r2 in each condition)	abstract; sec:experiments identity paragraph; tab:identity	raw_result	*/summary.json:replicates[].subspaces.{order_aware,utility_only}.provenance.chosen_pool_indices; replicates[].lrs; */raw_log.jsonl terminal.theta_sha256 and step.update_norm (res@nidentical)	RAW_EXPORTED
C05	Implementation reason for identical outputs: same projector, same lr, same theta0/source model, same batches/order, deterministic plain SGD without RNG/momentum/buffers	sec:experiments identity paragraph; sec:analysis utility-only paragraph	implementation+raw_audit	src/ordertta/runner.py replay_one state checks; src/ordertta/subspace.py utility_only_subspace; summary.json diagnostics[*].state_checks	CODE_READ_AND_RAW_AUDITED
C06	In r1 the penalty changed the selected directions ([1,5] vs [0,2]) and the candidate was worse than utility-only	sec:experiments	raw_result	stationary_fixed_batches/summary.json:decision.seedwise.terminal_error.paired_vs_candidate.tent_utility_only.per_seed.r1 (res@stat.te.pair.util.dmean.r1)	RAW_EXPORTED
C07	EM-toy baseline did not improve on no adaptation in any seed (stationary)	abstract; sec:experiments; sec:discussion	raw_result	stationary_fixed_batches/summary.json:decision.seedwise.terminal_error.per_arm.tent_full.per_seed.*.mean_gain_vs_no_adapt (res@stat.te.full.gain.*)	RAW_EXPORTED
C08	Candidate dominated none of the five required controls	sec:experiments Decision	raw_result	stage_summary.json:decision.evidence.stationary_domination.*.dominates	RAW_EXPORTED
C09	Drift: candidate gain vs no adaptation negative (regime-end, online); vs utility-only within tolerance for regime-end, outside for online	sec:experiments Drift	raw_result	stage_summary.json:decision.evidence.drift_guard (res@ev.drift.*)	RAW_EXPORTED
C10	Candidate tuned lr at grid maximum in 7/9 condition-seed pairs	sec:experiments; sec:discussion	raw_result	*/summary.json:replicates[].lrs.tent_orderaware vs configs/*:tuning.lr_grid (res@ncandbound)	RAW_EXPORTED
C11	Partial predicted-class concentration in seed r2 (max share), no single-class collapse	sec:experiments; tab:diag	raw_result	*/summary.json:replicates[r2].diagnostics.*[*].terminal_class_distribution.max_share (res@*.diag.*.maxshare.r2)	RAW_EXPORTED
C12	All 576 cells completed; run used 128.9 CPU-s of a 3600 CPU-s budget; peak RSS 79.7 MiB	sec:experiments	raw_result	*/summary.json cells; stage_manifest.json:cpu_seconds_total_incl_children, peak_rss_mib_self	RAW_EXPORTED
C13	Two-step order difference U_b(U_a)-U_a(U_b)=eta^2(H_b g_a - H_a g_b) - eta(rho_b-rho_a) with remainder bound under Lipschitz Hessians; exact for quadratics	sec:analysis eq:twostep; app:derivation	derivation (standard Taylor)	nichol2018reptile; smith2021origin; sweeney2026lie; tests/test_quadratic_order.py; app:formula-check	DERIVATION_STANDARD_KNOWN; NUMERIC_CHECK_ONLY; NOT_A_NEW_RESULT
C14	Relative remainder exceeds 0.1 at eta*L ~ 0.3 on quartic fixture	sec:analysis; app:derivation	numeric_fixture	tests/test_quadratic_order.py::test_second_order_term_is_only_local	TEST_PASS (implementation check, not proof)
C15	EM-toy differs from published Tent: fixed source statistics vs test-batch statistics; input affine vs BN affine of deep net	sec:setting	implementation+literature	src/ordertta/toy.py LinearTTAModel(norm='source'); configs/stage2_*:model.norm; wang2021tent	CODE_READ; LIT_SUBAGENT_FULLTEXT
C16	Candidate and utility-only use labelled meta data, so they are not fully source-free	sec:related; sec:discussion; tab:access	implementation	src/ordertta/runner.py _fit_one (ce_and_grad with meta labels); cost ledger meta_training uses_labels=True	CODE_READ_AND_RAW_AUDITED
C17	Order dependence / temporal correlation affects TTA (prior work)	sec:intro; sec:related	literature	wang2022cotta; gong2022note; yuan2023rotta; niu2023sar; zhao2023pitfalls; dobler2023rmt; gao2023dda	LIT_SUBAGENT_FULLTEXT; HUMAN_REVIEW_PENDING
C18	Resetting schemes in continual TTA (prior work)	sec:intro; sec:related	literature	press2023rdumb; niu2023sar; lim2026asr; hoang2024petta	LIT_SUBAGENT_FULLTEXT; lim2026asr metadata rechecked; HUMAN_REVIEW_PENDING
C19	Sweeney (2026) uses the commutator to choose domain order, not a subspace	sec:related	literature	sweeney2026lie	LIT_SUBAGENT_KEY_SECTIONS; main agent abstract only (FULL_TEXT_UNVERIFIED by main agent); HUMAN_REVIEW_PENDING
C20	No confidence interval pooling seeds and orders; independent units are 3 world seeds	sec:setting; sec:experiments	design	src/ordertta/analysis.py seedwise_condition_summary/decide_stage	CODE_READ
C21	Decision rule, seeds and MIE committed before the run	sec:setting; app:repro	provenance	git: configs/stage2_* added in commit 0119a34; stage_manifest.json git.commit=0119a34 dirty=False	RAW_EXPORTED
C22	Real-image TTA, new environment, extra seeds, continuous pools	app:planned	plan	STATUS.md	NOT_RUN
C23	STATUS.md stage-2 stationary table (96 cells) agrees with raw summary values	(repository STATUS.md; not in manuscript)	consistency_check	STATUS.md vs paper/generated/results.json stat.te.*	RAW_CROSSCHECKED (no mismatch)
C24	Formula checks: exact identity 200/200 quadratic cases; remainder bound 200/200 quartic cases (max ratio 0.996)	app:formula-check	numeric_check	paper/generated/formula_check.json	NUMERIC_CHECK_ONLY (not a proof)
C25	Main text is 8 pages (limit 9); PDF built with official ICLR 2027 style	PAPER_STATUS.md; BUILD.md	build	paper/build/main.log; paper/build/main.aux (sec:conclusion on page 8)	BUILD_VERIFIED
